[
  {
    "id": "5a810ce8-0a1b-42de-9f41-e28e5bac1a10",
    "data": [
      {
        "text": "salutations",
        "userDefined": false
      }
    ],
    "isTemplate": false,
    "count": 0,
    "updated": 0
  },
  {
    "id": "696a9544-a2e1-4d89-bf00-1a1a7b8bce9f",
    "data": [
      {
        "text": "rebonjour",
        "userDefined": false
      }
    ],
    "isTemplate": false,
    "count": 0,
    "updated": 0
  },
  {
    "id": "800ab339-1389-49fb-9e41-72aae6ced827",
    "data": [
      {
        "text": "bonjour à toi",
        "userDefined": false
      }
    ],
    "isTemplate": false,
    "count": 0,
    "updated": 0
  },
  {
    "id": "274cbb18-9ae7-4277-9e73-de1399ad175a",
    "data": [
      {
        "text": "re bonjour",
        "userDefined": false
      }
    ],
    "isTemplate": false,
    "count": 0,
    "updated": 0
  },
  {
    "id": "20c265fd-4533-42bc-831d-4ea4e8db178a",
    "data": [
      {
        "text": "allo",
        "userDefined": false
      }
    ],
    "isTemplate": false,
    "count": 0,
    "updated": 0
  },
  {
    "id": "5c371b80-cb7c-4e97-8026-5bd2e85c33ff",
    "data": [
      {
        "text": "coucou",
        "userDefined": false
      }
    ],
    "isTemplate": false,
    "count": 0,
    "updated": 0
  },
  {
    "id": "85754908-8da3-4662-85cb-9e591890a957",
    "data": [
      {
        "text": "hé",
        "userDefined": false
      }
    ],
    "isTemplate": false,
    "count": 0,
    "updated": 0
  },
  {
    "id": "6ec5a53d-2a9b-4213-afb6-422b3c2f2085",
    "data": [
      {
        "text": "resalut",
        "userDefined": false
      }
    ],
    "isTemplate": false,
    "count": 0,
    "updated": 0
  },
  {
    "id": "a99672b9-00d6-46de-9352-bd3fc6907624",
    "data": [
      {
        "text": "salut",
        "userDefined": false
      }
    ],
    "isTemplate": false,
    "count": 0,
    "updated": 0
  },
  {
    "id": "f9b03fd1-f255-4ba5-a6c0-972146d6ad30",
    "data": [
      {
        "text": "re salut",
        "userDefined": false
      }
    ],
    "isTemplate": false,
    "count": 0,
    "updated": 0
  },
  {
    "id": "5f4d0c09-3f77-4565-a10f-b1ac5291afad",
    "data": [
      {
        "text": "salut à tous",
        "userDefined": false
      }
    ],
    "isTemplate": false,
    "count": 0,
    "updated": 0
  },
  {
    "id": "7fa12e9d-8d98-473d-b966-3d5d2a365422",
    "data": [
      {
        "text": "bonjour",
        "userDefined": false
      }
    ],
    "isTemplate": false,
    "count": 0,
    "updated": 0
  }
]