[
  {
    "id": "1f7d1887-8c71-4e52-af1b-5ebbbd2a1b24",
    "data": [
      {
        "text": "donnez-moi un numéro de dés",
        "userDefined": false
      }
    ],
    "isTemplate": false,
    "count": 0,
    "updated": 0
  },
  {
    "id": "cc4c3b7c-5744-4f10-b8ad-39c21af2ac25",
    "data": [
      {
        "text": "lancez les dés",
        "userDefined": false
      }
    ],
    "isTemplate": false,
    "count": 0,
    "updated": 0
  },
  {
    "id": "28a30418-9448-4cf3-87c6-f31ae3160964",
    "data": [
      {
        "text": "nombre sur les dés",
        "userDefined": false
      }
    ],
    "isTemplate": false,
    "count": 0,
    "updated": 0
  },
  {
    "id": "82ee8f4b-fba9-4b07-9c4d-ccf4fc2fb979",
    "data": [
      {
        "text": "obtenir ",
        "userDefined": false
      },
      {
        "text": "un",
        "alias": "number",
        "meta": "@sys.number",
        "userDefined": false
      },
      {
        "text": " numéro sur les dés",
        "userDefined": false
      }
    ],
    "isTemplate": false,
    "count": 0,
    "updated": 0
  },
  {
    "id": "5f49065b-3e95-4913-8566-8d3186a5cb12",
    "data": [
      {
        "text": "roulez les dés",
        "userDefined": false
      }
    ],
    "isTemplate": false,
    "count": 0,
    "updated": 0
  },
  {
    "id": "e2dce599-0b04-4f37-a40f-d89e7b0dd032",
    "data": [
      {
        "text": "Donne moi un nombre de dés",
        "userDefined": false
      }
    ],
    "isTemplate": false,
    "count": 0,
    "updated": 0
  },
  {
    "id": "6b6dff16-b7b1-4b87-83f7-58c7cd9b86e3",
    "data": [
      {
        "text": "nombre de dés",
        "userDefined": false
      }
    ],
    "isTemplate": false,
    "count": 0,
    "updated": 0
  },
  {
    "id": "955e9511-dd20-4527-aa67-8a5ad36c90d6",
    "data": [
      {
        "text": "rouleau à dés",
        "userDefined": false
      }
    ],
    "isTemplate": false,
    "count": 0,
    "updated": 0
  },
  {
    "id": "c1efb542-ed89-4bfb-8472-44e214a71078",
    "data": [
      {
        "text": "lancer les dés",
        "userDefined": false
      }
    ],
    "isTemplate": false,
    "count": 0,
    "updated": 0
  }
]