[
  {
    "id": "177f1d41-f83e-4ff7-a966-eaa1e9bac707",
    "data": [
      {
        "text": "give  me a number",
        "userDefined": false
      }
    ],
    "isTemplate": false,
    "count": 0,
    "updated": 0
  },
  {
    "id": "c7ef25e5-19ee-42ff-9b61-de8913a91453",
    "data": [
      {
        "text": "Please, roll a dice",
        "userDefined": false
      }
    ],
    "isTemplate": false,
    "count": 0,
    "updated": 0
  },
  {
    "id": "b5debbfb-6654-4bef-8596-2b455be703bf",
    "data": [
      {
        "text": "dice number",
        "userDefined": false
      }
    ],
    "isTemplate": false,
    "count": 0,
    "updated": 0
  },
  {
    "id": "33191dbc-6232-487e-becb-94ea5cf74023",
    "data": [
      {
        "text": "dicey dicer",
        "userDefined": false
      }
    ],
    "isTemplate": false,
    "count": 0,
    "updated": 0
  },
  {
    "id": "3c84d17a-3f1d-4812-acf4-27008fbfc37a",
    "data": [
      {
        "text": "roll the dice",
        "userDefined": false
      }
    ],
    "isTemplate": false,
    "count": 0,
    "updated": 0
  },
  {
    "id": "90f440f2-8050-422d-a776-27eacc1cf62a",
    "data": [
      {
        "text": "Give me a dice number",
        "userDefined": false
      }
    ],
    "isTemplate": false,
    "count": 0,
    "updated": 0
  },
  {
    "id": "a1787d37-abc1-4376-a71b-2d067a46eaca",
    "data": [
      {
        "text": "Roll a dice",
        "userDefined": false
      }
    ],
    "isTemplate": false,
    "count": 0,
    "updated": 0
  }
]