[
  {
    "id": "7e9c81b9-8aec-4678-a0b0-d4ac855945d5",
    "data": [
      {
        "text": "पासा रोल करें",
        "userDefined": false
      }
    ],
    "isTemplate": false,
    "count": 0,
    "updated": 0
  },
  {
    "id": "573ce2c5-b584-4212-80cf-79badc5d564a",
    "data": [
      {
        "text": " पासा फेकना",
        "userDefined": false
      }
    ],
    "isTemplate": false,
    "count": 0,
    "updated": 0
  },
  {
    "id": "0e2eed20-ed2b-4df4-bd2e-e9aed3b6eb82",
    "data": [
      {
        "text": "डाइस",
        "userDefined": false
      }
    ],
    "isTemplate": false,
    "count": 0,
    "updated": 0
  },
  {
    "id": "f0d833a7-9843-4b8f-98b5-6cf7c1d6c603",
    "data": [
      {
        "text": "डाइस संख्या",
        "userDefined": false
      }
    ],
    "isTemplate": false,
    "count": 0,
    "updated": 0
  },
  {
    "id": "bada4b37-5fda-4b05-834e-b61168a2dbad",
    "data": [
      {
        "text": "मुझे ",
        "userDefined": false
      },
      {
        "text": "एक",
        "alias": "number",
        "meta": "@sys.number",
        "userDefined": false
      },
      {
        "text": " डाइस  संख्या दें",
        "userDefined": false
      }
    ],
    "isTemplate": false,
    "count": 0,
    "updated": 0
  },
  {
    "id": "a27e5e4f-2be8-43e2-b0f2-d18f9063f5f7",
    "data": [
      {
        "text": "संख्या",
        "userDefined": false
      }
    ],
    "isTemplate": false,
    "count": 0,
    "updated": 0
  }
]